Cœurs(np), BFS_TEPS, SSSP_TEPS
1, 9.60936e+07, 2.73633e+07
2, 4.34801e+07, 2.02157e+07
4, 5.78116e+07, 2.70901e+07
8, 8.7027e+07, 3.6526e+07
