Cœurs(np), SCALE, BFS_TEPS, SSSP_TEPS
1, 18, 1.18286e+08, 3.76405e+07
2, 19, 1.00761e+08, 4.63214e+07
4, 20, 1.77848e+08, 7.64186e+07
8, 21, 3.31279e+08, 1.37669e+08
